fold,split,episode_id,key,label
1,test,H04,high/view2470.mp4,2
1,test,H04,high/view2471.mp4,2
1,test,H04,high/view2472.mp4,2
1,test,H04,high/view2473.mp4,2
1,test,H04,high/view2474.mp4,2
1,test,H04,high/view2475.mp4,2
1,test,H04,high/view2476.mp4,2
1,test,H04,high/view2477.mp4,2
1,test,H04,high/view2478.mp4,2
1,test,H04,high/view2479.mp4,2
1,test,H04,high/view2480.mp4,2
1,test,H04,high/view2481.mp4,2
1,test,H04,high/view2482.mp4,2
1,test,H04,high/view2483.mp4,2
1,test,H04,high/view2484.mp4,2
1,test,H04,high/view2485.mp4,2
1,test,H04,high/view2486.mp4,2
1,test,H04,high/view2487.mp4,2
1,test,H04,high/view2488.mp4,2
1,test,H04,high/view2489.mp4,2
1,test,H04,high/view2490.mp4,2
1,test,H04,high/view2491.mp4,2
1,test,H04,high/view2492.mp4,2
1,test,H04,high/view2493.mp4,2
1,test,H04,high/view2494.mp4,2
1,test,H04,high/view2495.mp4,2
1,test,H04,high/view2496.mp4,2
1,test,H04,high/view2497.mp4,2
1,test,H04,high/view2498.mp4,2
1,test,H04,high/view2499.mp4,2
1,test,H04,high/view2500.mp4,2
1,test,H04,high/view2501.mp4,2
1,test,H04,high/view2502.mp4,2
1,test,H04,high/view2503.mp4,2
1,test,H04,high/view2504.mp4,2
1,test,H04,high/view2505.mp4,2
1,test,H04,high/view2506.mp4,2
1,test,H04,high/view2507.mp4,2
1,test,H04,high/view2508.mp4,2
1,test,H04,high/view2509.mp4,2
1,test,H04,high/view2510.mp4,2
1,test,H04,high/view2511.mp4,2
1,test,H04,high/view2512.mp4,2
1,test,H04,high/view2513.mp4,2
1,test,H04,high/view2514.mp4,2
1,test,H04,high/view2515.mp4,2
1,test,H04,high/view2516.mp4,2
1,test,H04,high/view2517.mp4,2
1,test,H04,high/view2518.mp4,2
1,test,H04,high/view2519.mp4,2
1,test,H04,high/view2520.mp4,2
1,test,L05,low/view1015.mp4,0
1,test,L05,low/view1016.mp4,0
1,test,L05,low/view1017.mp4,0
1,test,L05,low/view1018.mp4,0
1,test,L05,low/view1019.mp4,0
1,test,L05,low/view1020.mp4,0
1,test,L05,low/view1021.mp4,0
1,test,L05,low/view1022.mp4,0
1,test,L05,low/view1023.mp4,0
1,test,L05,low/view1024.mp4,0
1,test,L05,low/view1025.mp4,0
1,test,L05,low/view1026.mp4,0
1,test,L05,low/view1027.mp4,0
1,test,L05,low/view1028.mp4,0
1,test,L05,low/view1029.mp4,0
1,test,L05,low/view1030.mp4,0
1,test,L05,low/view1031.mp4,0
1,test,L05,low/view1032.mp4,0
1,test,L05,low/view1033.mp4,0
1,test,L05,low/view1034.mp4,0
1,test,L05,low/view1035.mp4,0
1,test,L05,low/view1036.mp4,0
1,test,L06,low/view1054.mp4,0
1,test,L06,low/view1055.mp4,0
1,test,L06,low/view1056.mp4,0
1,test,L06,low/view1057.mp4,0
1,test,L06,low/view1058.mp4,0
1,test,L06,low/view1059.mp4,0
1,test,L08,low/view2105.mp4,0
1,test,L08,low/view2106.mp4,0
1,test,L08,low/view2107.mp4,0
1,test,L10,low/view2623.mp4,0
1,test,L10,low/view2624.mp4,0
1,test,L10,low/view2625.mp4,0
1,test,L10,low/view2626.mp4,0
1,test,L10,low/view2627.mp4,0
1,test,L10,low/view2628.mp4,0
1,test,L10,low/view2629.mp4,0
1,test,L10,low/view2630.mp4,0
1,test,L10,low/view2631.mp4,0
1,test,L10,low/view2632.mp4,0
1,test,L10,low/view2633.mp4,0
1,test,L10,low/view2634.mp4,0
1,test,L10,low/view2635.mp4,0
1,test,L10,low/view2636.mp4,0
1,test,L10,low/view2637.mp4,0
1,test,L10,low/view2638.mp4,0
1,test,L10,low/view2639.mp4,0
1,test,L10,low/view2640.mp4,0
1,test,L10,low/view2641.mp4,0
1,test,L10,low/view2642.mp4,0
1,test,L10,low/view2643.mp4,0
1,test,L10,low/view2644.mp4,0
1,test,M07,mid/view1199.mp4,1
1,test,M01,mid/view12.mp4,1
1,test,M01,mid/view13.mp4,1
1,test,M01,mid/view14.mp4,1
1,test,M01,mid/view15.mp4,1
1,test,M01,mid/view16.mp4,1
1,test,M01,mid/view17.mp4,1
1,test,M01,mid/view18.mp4,1
1,test,M01,mid/view19.mp4,1
1,test,M01,mid/view20.mp4,1
1,test,M01,mid/view21.mp4,1
1,test,M01,mid/view22.mp4,1
1,test,M01,mid/view23.mp4,1
1,test,M01,mid/view24.mp4,1
1,test,M01,mid/view25.mp4,1
1,test,M01,mid/view26.mp4,1
1,test,M01,mid/view27.mp4,1
1,test,M04,mid/view695.mp4,1
1,test,M04,mid/view696.mp4,1
1,train,H01,high/view2227.mp4,2
1,train,H01,high/view2228.mp4,2
1,train,H01,high/view2229.mp4,2
1,train,H01,high/view2230.mp4,2
1,train,H01,high/view2231.mp4,2
1,train,H01,high/view2232.mp4,2
1,train,H01,high/view2233.mp4,2
1,train,H01,high/view2234.mp4,2
1,train,H01,high/view2235.mp4,2
1,train,H01,high/view2236.mp4,2
1,train,H01,high/view2237.mp4,2
1,train,H01,high/view2238.mp4,2
1,train,H01,high/view2239.mp4,2
1,train,H03,high/view2348.mp4,2
1,train,H03,high/view2349.mp4,2
1,train,H03,high/view2350.mp4,2
1,train,H03,high/view2351.mp4,2
1,train,H03,high/view2352.mp4,2
1,train,H05,high/view2522.mp4,2
1,train,H05,high/view2523.mp4,2
1,train,H05,high/view2524.mp4,2
1,train,H05,high/view2525.mp4,2
1,train,H05,high/view2526.mp4,2
1,train,H05,high/view2527.mp4,2
1,train,H05,high/view2528.mp4,2
1,train,H05,high/view2529.mp4,2
1,train,H05,high/view2530.mp4,2
1,train,H05,high/view2531.mp4,2
1,train,H05,high/view2532.mp4,2
1,train,L09,low/view2398.mp4,0
1,train,L09,low/view2399.mp4,0
1,train,L01,low/view772.mp4,0
1,train,L01,low/view773.mp4,0
1,train,L01,low/view774.mp4,0
1,train,L01,low/view775.mp4,0
1,train,L01,low/view776.mp4,0
1,train,L01,low/view777.mp4,0
1,train,L01,low/view778.mp4,0
1,train,L01,low/view779.mp4,0
1,train,L01,low/view780.mp4,0
1,train,L01,low/view781.mp4,0
1,train,L01,low/view782.mp4,0
1,train,L01,low/view783.mp4,0
1,train,L01,low/view784.mp4,0
1,train,L01,low/view785.mp4,0
1,train,L01,low/view786.mp4,0
1,train,L01,low/view787.mp4,0
1,train,L01,low/view788.mp4,0
1,train,L01,low/view789.mp4,0
1,train,L01,low/view790.mp4,0
1,train,L01,low/view791.mp4,0
1,train,L01,low/view792.mp4,0
1,train,L01,low/view793.mp4,0
1,train,L01,low/view794.mp4,0
1,train,L01,low/view795.mp4,0
1,train,L01,low/view796.mp4,0
1,train,L01,low/view797.mp4,0
1,train,L01,low/view798.mp4,0
1,train,L01,low/view799.mp4,0
1,train,L02,low/view846.mp4,0
1,train,L02,low/view847.mp4,0
1,train,L02,low/view848.mp4,0
1,train,L02,low/view849.mp4,0
1,train,L02,low/view850.mp4,0
1,train,L02,low/view851.mp4,0
1,train,L02,low/view852.mp4,0
1,train,L02,low/view853.mp4,0
1,train,L02,low/view854.mp4,0
1,train,L02,low/view855.mp4,0
1,train,L02,low/view856.mp4,0
1,train,L02,low/view857.mp4,0
1,train,L02,low/view858.mp4,0
1,train,L02,low/view859.mp4,0
1,train,L02,low/view860.mp4,0
1,train,L02,low/view861.mp4,0
1,train,L02,low/view862.mp4,0
1,train,L02,low/view863.mp4,0
1,train,L02,low/view864.mp4,0
1,train,L02,low/view865.mp4,0
1,train,L02,low/view866.mp4,0
1,train,L02,low/view867.mp4,0
1,train,L02,low/view868.mp4,0
1,train,L02,low/view869.mp4,0
1,train,L02,low/view870.mp4,0
1,train,L02,low/view871.mp4,0
1,train,L02,low/view872.mp4,0
1,train,L02,low/view873.mp4,0
1,train,L02,low/view874.mp4,0
1,train,L02,low/view875.mp4,0
1,train,L02,low/view876.mp4,0
1,train,L02,low/view877.mp4,0
1,train,L02,low/view878.mp4,0
1,train,L02,low/view879.mp4,0
1,train,L02,low/view880.mp4,0
1,train,L03,low/view882.mp4,0
1,train,L03,low/view883.mp4,0
1,train,L03,low/view884.mp4,0
1,train,L03,low/view885.mp4,0
1,train,L03,low/view886.mp4,0
1,train,L03,low/view887.mp4,0
1,train,L03,low/view888.mp4,0
1,train,L03,low/view889.mp4,0
1,train,L03,low/view890.mp4,0
1,train,L03,low/view891.mp4,0
1,train,L03,low/view892.mp4,0
1,train,L03,low/view893.mp4,0
1,train,L03,low/view894.mp4,0
1,train,L03,low/view895.mp4,0
1,train,L04,low/view947.mp4,0
1,train,L04,low/view948.mp4,0
1,train,L04,low/view949.mp4,0
1,train,L04,low/view950.mp4,0
1,train,L04,low/view951.mp4,0
1,train,L04,low/view952.mp4,0
1,train,L04,low/view953.mp4,0
1,train,L04,low/view954.mp4,0
1,train,L04,low/view955.mp4,0
1,train,L04,low/view956.mp4,0
1,train,L04,low/view957.mp4,0
1,train,L04,low/view958.mp4,0
1,train,L04,low/view959.mp4,0
1,train,L04,low/view960.mp4,0
1,train,L04,low/view961.mp4,0
1,train,L04,low/view962.mp4,0
1,train,M06,mid/view1196.mp4,1
1,train,M06,mid/view1197.mp4,1
1,train,M08,mid/view1201.mp4,1
1,train,M03,mid/view193.mp4,1
1,train,M03,mid/view194.mp4,1
1,train,M03,mid/view195.mp4,1
1,train,M03,mid/view196.mp4,1
1,train,M03,mid/view197.mp4,1
1,train,M03,mid/view198.mp4,1
1,train,M03,mid/view199.mp4,1
1,train,M03,mid/view200.mp4,1
1,train,M03,mid/view201.mp4,1
1,train,M03,mid/view202.mp4,1
1,train,M03,mid/view203.mp4,1
1,train,M02,mid/view65.mp4,1
1,train,M02,mid/view66.mp4,1
1,train,M02,mid/view67.mp4,1
1,train,M02,mid/view68.mp4,1
1,train,M02,mid/view69.mp4,1
1,train,M02,mid/view70.mp4,1
1,train,M02,mid/view71.mp4,1
1,train,M02,mid/view72.mp4,1
1,train,M02,mid/view73.mp4,1
1,train,M02,mid/view74.mp4,1
1,train,M02,mid/view75.mp4,1
1,train,M02,mid/view76.mp4,1
1,train,M02,mid/view77.mp4,1
1,train,M02,mid/view78.mp4,1
1,train,M02,mid/view79.mp4,1
1,train,M02,mid/view80.mp4,1
1,train,M02,mid/view81.mp4,1
1,train,M02,mid/view82.mp4,1
1,train,M02,mid/view83.mp4,1
1,train,M02,mid/view84.mp4,1
1,train,M02,mid/view85.mp4,1
1,train,M02,mid/view86.mp4,1
1,train,M02,mid/view87.mp4,1
1,train,M02,mid/view88.mp4,1
1,train,M02,mid/view89.mp4,1
1,train,M02,mid/view90.mp4,1
1,val,H02,high/view2299.mp4,2
1,val,H02,high/view2300.mp4,2
1,val,H02,high/view2301.mp4,2
1,val,H02,high/view2302.mp4,2
1,val,H02,high/view2303.mp4,2
1,val,L07,low/view2018.mp4,0
1,val,L07,low/view2019.mp4,0
1,val,L07,low/view2020.mp4,0
1,val,L07,low/view2021.mp4,0
1,val,L07,low/view2022.mp4,0
1,val,L07,low/view2023.mp4,0
1,val,L07,low/view2024.mp4,0
1,val,L07,low/view2025.mp4,0
1,val,L07,low/view2026.mp4,0
1,val,L07,low/view2027.mp4,0
1,val,L07,low/view2028.mp4,0
1,val,M05,mid/view698.mp4,1
1,val,M05,mid/view699.mp4,1
1,val,M05,mid/view700.mp4,1
1,val,M05,mid/view701.mp4,1
1,val,M05,mid/view702.mp4,1
2,test,H01,high/view2227.mp4,2
2,test,H01,high/view2228.mp4,2
2,test,H01,high/view2229.mp4,2
2,test,H01,high/view2230.mp4,2
2,test,H01,high/view2231.mp4,2
2,test,H01,high/view2232.mp4,2
2,test,H01,high/view2233.mp4,2
2,test,H01,high/view2234.mp4,2
2,test,H01,high/view2235.mp4,2
2,test,H01,high/view2236.mp4,2
2,test,H01,high/view2237.mp4,2
2,test,H01,high/view2238.mp4,2
2,test,H01,high/view2239.mp4,2
2,test,H02,high/view2299.mp4,2
2,test,H02,high/view2300.mp4,2
2,test,H02,high/view2301.mp4,2
2,test,H02,high/view2302.mp4,2
2,test,H02,high/view2303.mp4,2
2,test,H03,high/view2348.mp4,2
2,test,H03,high/view2349.mp4,2
2,test,H03,high/view2350.mp4,2
2,test,H03,high/view2351.mp4,2
2,test,H03,high/view2352.mp4,2
2,test,L09,low/view2398.mp4,0
2,test,L09,low/view2399.mp4,0
2,test,L02,low/view846.mp4,0
2,test,L02,low/view847.mp4,0
2,test,L02,low/view848.mp4,0
2,test,L02,low/view849.mp4,0
2,test,L02,low/view850.mp4,0
2,test,L02,low/view851.mp4,0
2,test,L02,low/view852.mp4,0
2,test,L02,low/view853.mp4,0
2,test,L02,low/view854.mp4,0
2,test,L02,low/view855.mp4,0
2,test,L02,low/view856.mp4,0
2,test,L02,low/view857.mp4,0
2,test,L02,low/view858.mp4,0
2,test,L02,low/view859.mp4,0
2,test,L02,low/view860.mp4,0
2,test,L02,low/view861.mp4,0
2,test,L02,low/view862.mp4,0
2,test,L02,low/view863.mp4,0
2,test,L02,low/view864.mp4,0
2,test,L02,low/view865.mp4,0
2,test,L02,low/view866.mp4,0
2,test,L02,low/view867.mp4,0
2,test,L02,low/view868.mp4,0
2,test,L02,low/view869.mp4,0
2,test,L02,low/view870.mp4,0
2,test,L02,low/view871.mp4,0
2,test,L02,low/view872.mp4,0
2,test,L02,low/view873.mp4,0
2,test,L02,low/view874.mp4,0
2,test,L02,low/view875.mp4,0
2,test,L02,low/view876.mp4,0
2,test,L02,low/view877.mp4,0
2,test,L02,low/view878.mp4,0
2,test,L02,low/view879.mp4,0
2,test,L02,low/view880.mp4,0
2,test,L04,low/view947.mp4,0
2,test,L04,low/view948.mp4,0
2,test,L04,low/view949.mp4,0
2,test,L04,low/view950.mp4,0
2,test,L04,low/view951.mp4,0
2,test,L04,low/view952.mp4,0
2,test,L04,low/view953.mp4,0
2,test,L04,low/view954.mp4,0
2,test,L04,low/view955.mp4,0
2,test,L04,low/view956.mp4,0
2,test,L04,low/view957.mp4,0
2,test,L04,low/view958.mp4,0
2,test,L04,low/view959.mp4,0
2,test,L04,low/view960.mp4,0
2,test,L04,low/view961.mp4,0
2,test,L04,low/view962.mp4,0
2,test,M06,mid/view1196.mp4,1
2,test,M06,mid/view1197.mp4,1
2,test,M08,mid/view1201.mp4,1
2,test,M03,mid/view193.mp4,1
2,test,M03,mid/view194.mp4,1
2,test,M03,mid/view195.mp4,1
2,test,M03,mid/view196.mp4,1
2,test,M03,mid/view197.mp4,1
2,test,M03,mid/view198.mp4,1
2,test,M03,mid/view199.mp4,1
2,test,M03,mid/view200.mp4,1
2,test,M03,mid/view201.mp4,1
2,test,M03,mid/view202.mp4,1
2,test,M03,mid/view203.mp4,1
2,test,M05,mid/view698.mp4,1
2,test,M05,mid/view699.mp4,1
2,test,M05,mid/view700.mp4,1
2,test,M05,mid/view701.mp4,1
2,test,M05,mid/view702.mp4,1
2,train,H04,high/view2470.mp4,2
2,train,H04,high/view2471.mp4,2
2,train,H04,high/view2472.mp4,2
2,train,H04,high/view2473.mp4,2
2,train,H04,high/view2474.mp4,2
2,train,H04,high/view2475.mp4,2
2,train,H04,high/view2476.mp4,2
2,train,H04,high/view2477.mp4,2
2,train,H04,high/view2478.mp4,2
2,train,H04,high/view2479.mp4,2
2,train,H04,high/view2480.mp4,2
2,train,H04,high/view2481.mp4,2
2,train,H04,high/view2482.mp4,2
2,train,H04,high/view2483.mp4,2
2,train,H04,high/view2484.mp4,2
2,train,H04,high/view2485.mp4,2
2,train,H04,high/view2486.mp4,2
2,train,H04,high/view2487.mp4,2
2,train,H04,high/view2488.mp4,2
2,train,H04,high/view2489.mp4,2
2,train,H04,high/view2490.mp4,2
2,train,H04,high/view2491.mp4,2
2,train,H04,high/view2492.mp4,2
2,train,H04,high/view2493.mp4,2
2,train,H04,high/view2494.mp4,2
2,train,H04,high/view2495.mp4,2
2,train,H04,high/view2496.mp4,2
2,train,H04,high/view2497.mp4,2
2,train,H04,high/view2498.mp4,2
2,train,H04,high/view2499.mp4,2
2,train,H04,high/view2500.mp4,2
2,train,H04,high/view2501.mp4,2
2,train,H04,high/view2502.mp4,2
2,train,H04,high/view2503.mp4,2
2,train,H04,high/view2504.mp4,2
2,train,H04,high/view2505.mp4,2
2,train,H04,high/view2506.mp4,2
2,train,H04,high/view2507.mp4,2
2,train,H04,high/view2508.mp4,2
2,train,H04,high/view2509.mp4,2
2,train,H04,high/view2510.mp4,2
2,train,H04,high/view2511.mp4,2
2,train,H04,high/view2512.mp4,2
2,train,H04,high/view2513.mp4,2
2,train,H04,high/view2514.mp4,2
2,train,H04,high/view2515.mp4,2
2,train,H04,high/view2516.mp4,2
2,train,H04,high/view2517.mp4,2
2,train,H04,high/view2518.mp4,2
2,train,H04,high/view2519.mp4,2
2,train,H04,high/view2520.mp4,2
2,train,L05,low/view1015.mp4,0
2,train,L05,low/view1016.mp4,0
2,train,L05,low/view1017.mp4,0
2,train,L05,low/view1018.mp4,0
2,train,L05,low/view1019.mp4,0
2,train,L05,low/view1020.mp4,0
2,train,L05,low/view1021.mp4,0
2,train,L05,low/view1022.mp4,0
2,train,L05,low/view1023.mp4,0
2,train,L05,low/view1024.mp4,0
2,train,L05,low/view1025.mp4,0
2,train,L05,low/view1026.mp4,0
2,train,L05,low/view1027.mp4,0
2,train,L05,low/view1028.mp4,0
2,train,L05,low/view1029.mp4,0
2,train,L05,low/view1030.mp4,0
2,train,L05,low/view1031.mp4,0
2,train,L05,low/view1032.mp4,0
2,train,L05,low/view1033.mp4,0
2,train,L05,low/view1034.mp4,0
2,train,L05,low/view1035.mp4,0
2,train,L05,low/view1036.mp4,0
2,train,L06,low/view1054.mp4,0
2,train,L06,low/view1055.mp4,0
2,train,L06,low/view1056.mp4,0
2,train,L06,low/view1057.mp4,0
2,train,L06,low/view1058.mp4,0
2,train,L06,low/view1059.mp4,0
2,train,L08,low/view2105.mp4,0
2,train,L08,low/view2106.mp4,0
2,train,L08,low/view2107.mp4,0
2,train,L10,low/view2623.mp4,0
2,train,L10,low/view2624.mp4,0
2,train,L10,low/view2625.mp4,0
2,train,L10,low/view2626.mp4,0
2,train,L10,low/view2627.mp4,0
2,train,L10,low/view2628.mp4,0
2,train,L10,low/view2629.mp4,0
2,train,L10,low/view2630.mp4,0
2,train,L10,low/view2631.mp4,0
2,train,L10,low/view2632.mp4,0
2,train,L10,low/view2633.mp4,0
2,train,L10,low/view2634.mp4,0
2,train,L10,low/view2635.mp4,0
2,train,L10,low/view2636.mp4,0
2,train,L10,low/view2637.mp4,0
2,train,L10,low/view2638.mp4,0
2,train,L10,low/view2639.mp4,0
2,train,L10,low/view2640.mp4,0
2,train,L10,low/view2641.mp4,0
2,train,L10,low/view2642.mp4,0
2,train,L10,low/view2643.mp4,0
2,train,L10,low/view2644.mp4,0
2,train,L01,low/view772.mp4,0
2,train,L01,low/view773.mp4,0
2,train,L01,low/view774.mp4,0
2,train,L01,low/view775.mp4,0
2,train,L01,low/view776.mp4,0
2,train,L01,low/view777.mp4,0
2,train,L01,low/view778.mp4,0
2,train,L01,low/view779.mp4,0
2,train,L01,low/view780.mp4,0
2,train,L01,low/view781.mp4,0
2,train,L01,low/view782.mp4,0
2,train,L01,low/view783.mp4,0
2,train,L01,low/view784.mp4,0
2,train,L01,low/view785.mp4,0
2,train,L01,low/view786.mp4,0
2,train,L01,low/view787.mp4,0
2,train,L01,low/view788.mp4,0
2,train,L01,low/view789.mp4,0
2,train,L01,low/view790.mp4,0
2,train,L01,low/view791.mp4,0
2,train,L01,low/view792.mp4,0
2,train,L01,low/view793.mp4,0
2,train,L01,low/view794.mp4,0
2,train,L01,low/view795.mp4,0
2,train,L01,low/view796.mp4,0
2,train,L01,low/view797.mp4,0
2,train,L01,low/view798.mp4,0
2,train,L01,low/view799.mp4,0
2,train,L03,low/view882.mp4,0
2,train,L03,low/view883.mp4,0
2,train,L03,low/view884.mp4,0
2,train,L03,low/view885.mp4,0
2,train,L03,low/view886.mp4,0
2,train,L03,low/view887.mp4,0
2,train,L03,low/view888.mp4,0
2,train,L03,low/view889.mp4,0
2,train,L03,low/view890.mp4,0
2,train,L03,low/view891.mp4,0
2,train,L03,low/view892.mp4,0
2,train,L03,low/view893.mp4,0
2,train,L03,low/view894.mp4,0
2,train,L03,low/view895.mp4,0
2,train,M07,mid/view1199.mp4,1
2,train,M02,mid/view65.mp4,1
2,train,M02,mid/view66.mp4,1
2,train,M02,mid/view67.mp4,1
2,train,M02,mid/view68.mp4,1
2,train,M02,mid/view69.mp4,1
2,train,M04,mid/view695.mp4,1
2,train,M04,mid/view696.mp4,1
2,train,M02,mid/view70.mp4,1
2,train,M02,mid/view71.mp4,1
2,train,M02,mid/view72.mp4,1
2,train,M02,mid/view73.mp4,1
2,train,M02,mid/view74.mp4,1
2,train,M02,mid/view75.mp4,1
2,train,M02,mid/view76.mp4,1
2,train,M02,mid/view77.mp4,1
2,train,M02,mid/view78.mp4,1
2,train,M02,mid/view79.mp4,1
2,train,M02,mid/view80.mp4,1
2,train,M02,mid/view81.mp4,1
2,train,M02,mid/view82.mp4,1
2,train,M02,mid/view83.mp4,1
2,train,M02,mid/view84.mp4,1
2,train,M02,mid/view85.mp4,1
2,train,M02,mid/view86.mp4,1
2,train,M02,mid/view87.mp4,1
2,train,M02,mid/view88.mp4,1
2,train,M02,mid/view89.mp4,1
2,train,M02,mid/view90.mp4,1
2,val,H05,high/view2522.mp4,2
2,val,H05,high/view2523.mp4,2
2,val,H05,high/view2524.mp4,2
2,val,H05,high/view2525.mp4,2
2,val,H05,high/view2526.mp4,2
2,val,H05,high/view2527.mp4,2
2,val,H05,high/view2528.mp4,2
2,val,H05,high/view2529.mp4,2
2,val,H05,high/view2530.mp4,2
2,val,H05,high/view2531.mp4,2
2,val,H05,high/view2532.mp4,2
2,val,L07,low/view2018.mp4,0
2,val,L07,low/view2019.mp4,0
2,val,L07,low/view2020.mp4,0
2,val,L07,low/view2021.mp4,0
2,val,L07,low/view2022.mp4,0
2,val,L07,low/view2023.mp4,0
2,val,L07,low/view2024.mp4,0
2,val,L07,low/view2025.mp4,0
2,val,L07,low/view2026.mp4,0
2,val,L07,low/view2027.mp4,0
2,val,L07,low/view2028.mp4,0
2,val,M01,mid/view12.mp4,1
2,val,M01,mid/view13.mp4,1
2,val,M01,mid/view14.mp4,1
2,val,M01,mid/view15.mp4,1
2,val,M01,mid/view16.mp4,1
2,val,M01,mid/view17.mp4,1
2,val,M01,mid/view18.mp4,1
2,val,M01,mid/view19.mp4,1
2,val,M01,mid/view20.mp4,1
2,val,M01,mid/view21.mp4,1
2,val,M01,mid/view22.mp4,1
2,val,M01,mid/view23.mp4,1
2,val,M01,mid/view24.mp4,1
2,val,M01,mid/view25.mp4,1
2,val,M01,mid/view26.mp4,1
2,val,M01,mid/view27.mp4,1
3,test,H05,high/view2522.mp4,2
3,test,H05,high/view2523.mp4,2
3,test,H05,high/view2524.mp4,2
3,test,H05,high/view2525.mp4,2
3,test,H05,high/view2526.mp4,2
3,test,H05,high/view2527.mp4,2
3,test,H05,high/view2528.mp4,2
3,test,H05,high/view2529.mp4,2
3,test,H05,high/view2530.mp4,2
3,test,H05,high/view2531.mp4,2
3,test,H05,high/view2532.mp4,2
3,test,L07,low/view2018.mp4,0
3,test,L07,low/view2019.mp4,0
3,test,L07,low/view2020.mp4,0
3,test,L07,low/view2021.mp4,0
3,test,L07,low/view2022.mp4,0
3,test,L07,low/view2023.mp4,0
3,test,L07,low/view2024.mp4,0
3,test,L07,low/view2025.mp4,0
3,test,L07,low/view2026.mp4,0
3,test,L07,low/view2027.mp4,0
3,test,L07,low/view2028.mp4,0
3,test,L01,low/view772.mp4,0
3,test,L01,low/view773.mp4,0
3,test,L01,low/view774.mp4,0
3,test,L01,low/view775.mp4,0
3,test,L01,low/view776.mp4,0
3,test,L01,low/view777.mp4,0
3,test,L01,low/view778.mp4,0
3,test,L01,low/view779.mp4,0
3,test,L01,low/view780.mp4,0
3,test,L01,low/view781.mp4,0
3,test,L01,low/view782.mp4,0
3,test,L01,low/view783.mp4,0
3,test,L01,low/view784.mp4,0
3,test,L01,low/view785.mp4,0
3,test,L01,low/view786.mp4,0
3,test,L01,low/view787.mp4,0
3,test,L01,low/view788.mp4,0
3,test,L01,low/view789.mp4,0
3,test,L01,low/view790.mp4,0
3,test,L01,low/view791.mp4,0
3,test,L01,low/view792.mp4,0
3,test,L01,low/view793.mp4,0
3,test,L01,low/view794.mp4,0
3,test,L01,low/view795.mp4,0
3,test,L01,low/view796.mp4,0
3,test,L01,low/view797.mp4,0
3,test,L01,low/view798.mp4,0
3,test,L01,low/view799.mp4,0
3,test,L03,low/view882.mp4,0
3,test,L03,low/view883.mp4,0
3,test,L03,low/view884.mp4,0
3,test,L03,low/view885.mp4,0
3,test,L03,low/view886.mp4,0
3,test,L03,low/view887.mp4,0
3,test,L03,low/view888.mp4,0
3,test,L03,low/view889.mp4,0
3,test,L03,low/view890.mp4,0
3,test,L03,low/view891.mp4,0
3,test,L03,low/view892.mp4,0
3,test,L03,low/view893.mp4,0
3,test,L03,low/view894.mp4,0
3,test,L03,low/view895.mp4,0
3,test,M02,mid/view65.mp4,1
3,test,M02,mid/view66.mp4,1
3,test,M02,mid/view67.mp4,1
3,test,M02,mid/view68.mp4,1
3,test,M02,mid/view69.mp4,1
3,test,M02,mid/view70.mp4,1
3,test,M02,mid/view71.mp4,1
3,test,M02,mid/view72.mp4,1
3,test,M02,mid/view73.mp4,1
3,test,M02,mid/view74.mp4,1
3,test,M02,mid/view75.mp4,1
3,test,M02,mid/view76.mp4,1
3,test,M02,mid/view77.mp4,1
3,test,M02,mid/view78.mp4,1
3,test,M02,mid/view79.mp4,1
3,test,M02,mid/view80.mp4,1
3,test,M02,mid/view81.mp4,1
3,test,M02,mid/view82.mp4,1
3,test,M02,mid/view83.mp4,1
3,test,M02,mid/view84.mp4,1
3,test,M02,mid/view85.mp4,1
3,test,M02,mid/view86.mp4,1
3,test,M02,mid/view87.mp4,1
3,test,M02,mid/view88.mp4,1
3,test,M02,mid/view89.mp4,1
3,test,M02,mid/view90.mp4,1
3,train,H02,high/view2299.mp4,2
3,train,H02,high/view2300.mp4,2
3,train,H02,high/view2301.mp4,2
3,train,H02,high/view2302.mp4,2
3,train,H02,high/view2303.mp4,2
3,train,H03,high/view2348.mp4,2
3,train,H03,high/view2349.mp4,2
3,train,H03,high/view2350.mp4,2
3,train,H03,high/view2351.mp4,2
3,train,H03,high/view2352.mp4,2
3,train,H04,high/view2470.mp4,2
3,train,H04,high/view2471.mp4,2
3,train,H04,high/view2472.mp4,2
3,train,H04,high/view2473.mp4,2
3,train,H04,high/view2474.mp4,2
3,train,H04,high/view2475.mp4,2
3,train,H04,high/view2476.mp4,2
3,train,H04,high/view2477.mp4,2
3,train,H04,high/view2478.mp4,2
3,train,H04,high/view2479.mp4,2
3,train,H04,high/view2480.mp4,2
3,train,H04,high/view2481.mp4,2
3,train,H04,high/view2482.mp4,2
3,train,H04,high/view2483.mp4,2
3,train,H04,high/view2484.mp4,2
3,train,H04,high/view2485.mp4,2
3,train,H04,high/view2486.mp4,2
3,train,H04,high/view2487.mp4,2
3,train,H04,high/view2488.mp4,2
3,train,H04,high/view2489.mp4,2
3,train,H04,high/view2490.mp4,2
3,train,H04,high/view2491.mp4,2
3,train,H04,high/view2492.mp4,2
3,train,H04,high/view2493.mp4,2
3,train,H04,high/view2494.mp4,2
3,train,H04,high/view2495.mp4,2
3,train,H04,high/view2496.mp4,2
3,train,H04,high/view2497.mp4,2
3,train,H04,high/view2498.mp4,2
3,train,H04,high/view2499.mp4,2
3,train,H04,high/view2500.mp4,2
3,train,H04,high/view2501.mp4,2
3,train,H04,high/view2502.mp4,2
3,train,H04,high/view2503.mp4,2
3,train,H04,high/view2504.mp4,2
3,train,H04,high/view2505.mp4,2
3,train,H04,high/view2506.mp4,2
3,train,H04,high/view2507.mp4,2
3,train,H04,high/view2508.mp4,2
3,train,H04,high/view2509.mp4,2
3,train,H04,high/view2510.mp4,2
3,train,H04,high/view2511.mp4,2
3,train,H04,high/view2512.mp4,2
3,train,H04,high/view2513.mp4,2
3,train,H04,high/view2514.mp4,2
3,train,H04,high/view2515.mp4,2
3,train,H04,high/view2516.mp4,2
3,train,H04,high/view2517.mp4,2
3,train,H04,high/view2518.mp4,2
3,train,H04,high/view2519.mp4,2
3,train,H04,high/view2520.mp4,2
3,train,L05,low/view1015.mp4,0
3,train,L05,low/view1016.mp4,0
3,train,L05,low/view1017.mp4,0
3,train,L05,low/view1018.mp4,0
3,train,L05,low/view1019.mp4,0
3,train,L05,low/view1020.mp4,0
3,train,L05,low/view1021.mp4,0
3,train,L05,low/view1022.mp4,0
3,train,L05,low/view1023.mp4,0
3,train,L05,low/view1024.mp4,0
3,train,L05,low/view1025.mp4,0
3,train,L05,low/view1026.mp4,0
3,train,L05,low/view1027.mp4,0
3,train,L05,low/view1028.mp4,0
3,train,L05,low/view1029.mp4,0
3,train,L05,low/view1030.mp4,0
3,train,L05,low/view1031.mp4,0
3,train,L05,low/view1032.mp4,0
3,train,L05,low/view1033.mp4,0
3,train,L05,low/view1034.mp4,0
3,train,L05,low/view1035.mp4,0
3,train,L05,low/view1036.mp4,0
3,train,L08,low/view2105.mp4,0
3,train,L08,low/view2106.mp4,0
3,train,L08,low/view2107.mp4,0
3,train,L09,low/view2398.mp4,0
3,train,L09,low/view2399.mp4,0
3,train,L10,low/view2623.mp4,0
3,train,L10,low/view2624.mp4,0
3,train,L10,low/view2625.mp4,0
3,train,L10,low/view2626.mp4,0
3,train,L10,low/view2627.mp4,0
3,train,L10,low/view2628.mp4,0
3,train,L10,low/view2629.mp4,0
3,train,L10,low/view2630.mp4,0
3,train,L10,low/view2631.mp4,0
3,train,L10,low/view2632.mp4,0
3,train,L10,low/view2633.mp4,0
3,train,L10,low/view2634.mp4,0
3,train,L10,low/view2635.mp4,0
3,train,L10,low/view2636.mp4,0
3,train,L10,low/view2637.mp4,0
3,train,L10,low/view2638.mp4,0
3,train,L10,low/view2639.mp4,0
3,train,L10,low/view2640.mp4,0
3,train,L10,low/view2641.mp4,0
3,train,L10,low/view2642.mp4,0
3,train,L10,low/view2643.mp4,0
3,train,L10,low/view2644.mp4,0
3,train,L02,low/view846.mp4,0
3,train,L02,low/view847.mp4,0
3,train,L02,low/view848.mp4,0
3,train,L02,low/view849.mp4,0
3,train,L02,low/view850.mp4,0
3,train,L02,low/view851.mp4,0
3,train,L02,low/view852.mp4,0
3,train,L02,low/view853.mp4,0
3,train,L02,low/view854.mp4,0
3,train,L02,low/view855.mp4,0
3,train,L02,low/view856.mp4,0
3,train,L02,low/view857.mp4,0
3,train,L02,low/view858.mp4,0
3,train,L02,low/view859.mp4,0
3,train,L02,low/view860.mp4,0
3,train,L02,low/view861.mp4,0
3,train,L02,low/view862.mp4,0
3,train,L02,low/view863.mp4,0
3,train,L02,low/view864.mp4,0
3,train,L02,low/view865.mp4,0
3,train,L02,low/view866.mp4,0
3,train,L02,low/view867.mp4,0
3,train,L02,low/view868.mp4,0
3,train,L02,low/view869.mp4,0
3,train,L02,low/view870.mp4,0
3,train,L02,low/view871.mp4,0
3,train,L02,low/view872.mp4,0
3,train,L02,low/view873.mp4,0
3,train,L02,low/view874.mp4,0
3,train,L02,low/view875.mp4,0
3,train,L02,low/view876.mp4,0
3,train,L02,low/view877.mp4,0
3,train,L02,low/view878.mp4,0
3,train,L02,low/view879.mp4,0
3,train,L02,low/view880.mp4,0
3,train,L04,low/view947.mp4,0
3,train,L04,low/view948.mp4,0
3,train,L04,low/view949.mp4,0
3,train,L04,low/view950.mp4,0
3,train,L04,low/view951.mp4,0
3,train,L04,low/view952.mp4,0
3,train,L04,low/view953.mp4,0
3,train,L04,low/view954.mp4,0
3,train,L04,low/view955.mp4,0
3,train,L04,low/view956.mp4,0
3,train,L04,low/view957.mp4,0
3,train,L04,low/view958.mp4,0
3,train,L04,low/view959.mp4,0
3,train,L04,low/view960.mp4,0
3,train,L04,low/view961.mp4,0
3,train,L04,low/view962.mp4,0
3,train,M06,mid/view1196.mp4,1
3,train,M06,mid/view1197.mp4,1
3,train,M07,mid/view1199.mp4,1
3,train,M01,mid/view12.mp4,1
3,train,M08,mid/view1201.mp4,1
3,train,M01,mid/view13.mp4,1
3,train,M01,mid/view14.mp4,1
3,train,M01,mid/view15.mp4,1
3,train,M01,mid/view16.mp4,1
3,train,M01,mid/view17.mp4,1
3,train,M01,mid/view18.mp4,1
3,train,M01,mid/view19.mp4,1
3,train,M03,mid/view193.mp4,1
3,train,M03,mid/view194.mp4,1
3,train,M03,mid/view195.mp4,1
3,train,M03,mid/view196.mp4,1
3,train,M03,mid/view197.mp4,1
3,train,M03,mid/view198.mp4,1
3,train,M03,mid/view199.mp4,1
3,train,M01,mid/view20.mp4,1
3,train,M03,mid/view200.mp4,1
3,train,M03,mid/view201.mp4,1
3,train,M03,mid/view202.mp4,1
3,train,M03,mid/view203.mp4,1
3,train,M01,mid/view21.mp4,1
3,train,M01,mid/view22.mp4,1
3,train,M01,mid/view23.mp4,1
3,train,M01,mid/view24.mp4,1
3,train,M01,mid/view25.mp4,1
3,train,M01,mid/view26.mp4,1
3,train,M01,mid/view27.mp4,1
3,train,M04,mid/view695.mp4,1
3,train,M04,mid/view696.mp4,1
3,val,H01,high/view2227.mp4,2
3,val,H01,high/view2228.mp4,2
3,val,H01,high/view2229.mp4,2
3,val,H01,high/view2230.mp4,2
3,val,H01,high/view2231.mp4,2
3,val,H01,high/view2232.mp4,2
3,val,H01,high/view2233.mp4,2
3,val,H01,high/view2234.mp4,2
3,val,H01,high/view2235.mp4,2
3,val,H01,high/view2236.mp4,2
3,val,H01,high/view2237.mp4,2
3,val,H01,high/view2238.mp4,2
3,val,H01,high/view2239.mp4,2
3,val,L06,low/view1054.mp4,0
3,val,L06,low/view1055.mp4,0
3,val,L06,low/view1056.mp4,0
3,val,L06,low/view1057.mp4,0
3,val,L06,low/view1058.mp4,0
3,val,L06,low/view1059.mp4,0
3,val,M05,mid/view698.mp4,1
3,val,M05,mid/view699.mp4,1
3,val,M05,mid/view700.mp4,1
3,val,M05,mid/view701.mp4,1
3,val,M05,mid/view702.mp4,1
