metric,h04_mean,other_high_mean,difference,cohens_d
matched_stillness_ratio,0.6160771841964414,0.47200655807619507,0.14407062612024635,1.0977109720353397
disgust,0.003672165854368359,0.006045004585757852,-0.0023728387313894928,-1.00498033006647
surprise,0.022801513963889693,0.035576954119555325,-0.012775440155665632,-0.8638683782822794
matched_center_displacement_mean_x10,0.11707916272984396,0.1811562217772007,-0.06407705904735674,-0.8569435353918785
matched_center_displacement_std_x10,0.1312932399131598,0.2006552331149578,-0.069361993201798,-0.7916278082484168
matched_high_motion_ratio,0.055323105711009235,0.10011430392446725,-0.04479119821345802,-0.7554438146899786
matched_speaker_displacement_x10,0.06438212069652734,0.09123189528675182,-0.026849774590224487,-0.47975358021875864
mean_face_visibility,0.7436501354940476,0.770938507888628,-0.027288372394580485,-0.4326075397215612
both_eyes_visible_ratio,0.7636711169635096,0.8125782375750334,-0.0489071206115238,-0.3936415468528604
shoulder_tilt_mean,0.3347189825388693,0.3580479673717333,-0.023328984832863997,-0.3862021006761742
raised_head_ratio,0.4755659506716315,0.5624388385078182,-0.08687288783618669,-0.37927581942802036
affect_reliability,0.46052506734286586,0.5202136298884517,-0.0596885625455858,-0.3782597064413829
median_face_visibility,0.7906299406482328,0.8172719271286674,-0.026641986480434587,-0.3737692810819344
very_low_head_proxy_ratio,0.0960449118077034,0.04300379591143649,0.05304111589626691,0.37302085964826703
single_eye_ratio,0.2137346466582629,0.1709856757003328,0.042748970957930094,0.35622828871625756
mean_posture_elevation,0.14621558521063097,0.15955692594466003,-0.013341340734029067,-0.3557472348080479
neutral,0.08854853584160728,0.09966592960383582,-0.011117393762228533,-0.3296210922395893
upright_ratio,0.7430599550566366,0.8030012936695762,-0.0599413386129396,-0.2335933425476394
fear,0.08068548557498763,0.07447343983727953,0.006212045737708102,0.21392440385024813
face_visibility_iqr,0.18907759807282878,0.17656138118194498,0.012516216890883808,0.19408431071071106
orientation_consensus_ratio,0.7301857721421027,0.7649458607901698,-0.03476008864806712,-0.18804864424809514
posture_symmetry,0.15972275608369418,0.17356229832638864,-0.013839542242694458,-0.17392840149925445
min_posture_elevation,0.08034918999539749,0.0901044073474148,-0.009755217352017315,-0.16023676179524762
std_posture_elevation,0.04231197867662676,0.04415601872555588,-0.0018440400489291159,-0.15535134405206574
head_elevation_dispersion,0.04231197867662676,0.04415601872555588,-0.0018440400489291159,-0.15535134405206574
speaker_in_zone,0.9717741935483871,0.9510869565217391,0.020687237026647987,0.1448716048503167
min_orientation_score,0.5464244686788128,0.5327308799909509,0.013693588687861857,0.13822497405733639
lowered_head_ratio,0.3064732605351075,0.2716411005543626,0.0348321599807449,0.13033890135226883
head_turned_ratio,0.5850622360744784,0.5694652329320493,0.015597003142429067,0.12323220860065184
max_orientation_score,0.8537166570463488,0.8578957345174707,-0.004179077471121895,-0.12258020443104849
sadness,0.5918751628168167,0.5804471736368926,0.011427989179924158,0.11834164241986654
mean_orientation_to_target,0.7171960511515217,0.7239592852799789,-0.006763234128457141,-0.11532828081279009
posture_observation_ratio,0.9793210789080589,0.9824920426244321,-0.003170963716373265,-0.09373724679374087
orientation_alignment,0.9563467089206942,0.9586304218872733,-0.0022837129665791434,-0.07475626906116807
hidden_face_ratio,0.02401513721974146,0.021663843492126984,0.0023512937276144764,0.06773921286278882
student_count_norm,0.5313172104858583,0.5344203062679457,-0.0031030957820873395,-0.05493211941677484
std_orientation_score,0.10494965825590395,0.10623202537712843,-0.0012823671212244814,-0.0383289249871219
forward_lean_proxy_ratio,0.15799096079483146,0.15335870679953825,0.004632253995293212,0.03343803826855302
anger,0.08376815278203256,0.08461399538361508,-0.0008458426015825193,-0.024630416339917877
happiness,0.12058447499669367,0.11917751606391824,0.0014069589327754262,0.022622205660201157
